[
  {
    "Name": "bp.editor.preset.stanton_sun",
    "Tooltip": "A warm, golden-hour look with soft contrast. Perfect for sunsets.",
    "Adjustments": { "Saturation": 15, "Vibrance": 10, "Red": 15, "Green": 5, "Blue": -10 },
    "CurvePoints": [ { "X": 0.0, "Y": 0.95 }, { "X": 1.0, "Y": 0.05 } ]
  },
  {
    "Name": "bp.editor.preset.microtech_glacier",
    "Tooltip": "A clean, cold look with a hint of cyan in the highlights.",
    "Adjustments": { "Saturation": -15, "Vibrance": 10, "Contrast": 10, "Red": -5, "Green": 5, "Blue": 10 },
    "CurvePoints": [ { "X": 0.0, "Y": 1.0 }, { "X": 0.5, "Y": 0.55 }, { "X": 1.0, "Y": 0.0 } ]
  },
  {
    "Name": "bp.editor.preset.hurston_haze",
    "Tooltip": "A desaturated, gritty look with a yellow/brown tint for industrial smog.",
    "Adjustments": { "Saturation": -30, "Vibrance": 5, "Vignette": 15, "Red": 10, "Green": 5, "Blue": -15 },
    "CurvePoints": [ { "X": 0.0, "Y": 0.9 }, { "X": 1.0, "Y": 0.0 } ]
  },
  {
    "Name": "bp.editor.preset.arccorp_depths",
    "Tooltip": "A dark, cinematic blue tone with high contrast, ideal for city nights.",
    "Adjustments": { "Saturation": -10, "Vibrance": 15, "Contrast": 15, "Red": -10, "Green": -5, "Blue": 15 },
    "CurvePoints": [ { "X": 0.1, "Y": 1.0 }, { "X": 0.8, "Y": 0.1 }, { "X": 1.0, "Y": 0.0 } ]
  },
  {
    "Name": "bp.editor.preset.drake_grit",
    "Tooltip": "A functional, desaturated look with boosted clarity for industrial interiors.",
    "Adjustments": { "Saturation": -25, "Vibrance": 0, "Sharpen": 15, "Contrast": 10, "Red": -5, "Blue": 5 },
    "CurvePoints": [ { "X": 0.05, "Y": 0.95 }, { "X": 0.95, "Y": 0.05 } ]
  },
  {
    "Name": "bp.editor.preset.crusader_clouds",
    "Tooltip": "A soft, bright and airy look with a hint of magenta, perfect for Orison.",
    "Adjustments": { "Brightness": 10, "Contrast": -5, "Saturation": -10, "Vibrance": 15, "Red": 8, "Blue": 5 },
    "CurvePoints": [ { "X": 0.0, "Y": 0.9 }, { "X": 0.5, "Y": 0.4 }, { "X": 1.0, "Y": 0.0 } ]
  },
  {
    "Name": "bp.editor.preset.pyro_embers",
    "Tooltip": "A high-contrast, fiery orange tint for a dangerous, lawless feel.",
    "Adjustments": { "Contrast": 20, "Saturation": -20, "Vibrance": 25, "Vignette": 10, "Red": 20, "Green": -5, "Blue": -15 },
    "CurvePoints": [ { "X": 0.1, "Y": 1.0 }, { "X": 0.7, "Y": 0.2 }, { "X": 1.0, "Y": 0.0 } ]
  },
  {
    "Name": "bp.editor.preset.banu_bloom",
    "Tooltip": "A vibrant, slightly alien look with a subtle green/teal color shift.",
    "Adjustments": { "Saturation": 10, "Vibrance": 30, "Contrast": 5, "Red": -5, "Green": 10, "Blue": 5 },
    "CurvePoints": [ { "X": 0.0, "Y": 1.0 }, { "X": 0.5, "Y": 0.45 }, { "X": 1.0, "Y": 0.0 } ]
  },
  {
    "Name": "bp.editor.preset.carrack_bridge",
    "Tooltip": "A clean, neutral look with boosted shadows for exploring the verse.",
    "Adjustments": { "Brightness": 5, "Contrast": 10, "Sharpen": 10 },
    "CurvePoints": [ { "X": 0.0, "Y": 0.9 }, { "X": 0.5, "Y": 0.5 }, { "X": 1.0, "Y": 0.0 } ]
  },
  {
    "Name": "bp.editor.preset.890_lounge",
    "Tooltip": "A pristine, high-key look with minimal color shift for ultimate luxury.",
    "Adjustments": { "Brightness": 15, "Contrast": 5, "Saturation": -5, "Vibrance": 5, "Red": 5 },
    "CurvePoints": [ { "X": 0.0, "Y": 1.0 }, { "X": 0.5, "Y": 0.4 }, { "X": 1.0, "Y": 0.0 } ]
  },
  {
    "Name": "bp.editor.preset.medical_bay",
    "Tooltip": "A sterile, low-saturation look with a clinical cyan/green tint.",
    "Adjustments": { "Saturation": -40, "Vibrance": -10, "Contrast": 5, "Red": -10, "Green": 5, "Blue": 5 },
    "CurvePoints": [ { "X": 0.0, "Y": 0.95 }, { "X": 1.0, "Y": 0.05 } ]
  },
  {
    "Name": "bp.editor.preset.faded_film",
    "Tooltip": "A classic cinematic look with lifted blacks and slightly muted colors.",
    "Adjustments": { "Saturation": -10, "Vibrance": 10, "Contrast": 10, "Vignette": 10 },
    "CurvePoints": [ { "X": 0.0, "Y": 0.9 }, { "X": 1.0, "Y": 0.1 } ]
  }
]